{"sections":{"hero_jVaWmY":{"type":"hero","blocks":{"text_YLPk4p":{"type":"text","name":"t:names.heading","settings":{"text":"<p>Browse our latest products<\/p>","width":"fit-content","max_width":"normal","alignment":"left","type_preset":"h2","font":"var(--font-body--family)","font_size":"1rem","line_height":"normal","letter_spacing":"normal","case":"none","wrap":"pretty","color":"var(--color-foreground-heading)","background":false,"background_color":"#00000026","corner_radius":0,"padding-block-start":0,"padding-block-end":0,"padding-inline-start":0,"padding-inline-end":0},"blocks":{}},"button_H9gpTf":{"type":"button","name":"t:names.button","settings":{"label":"Shop all","link":"shopify:\/\/collections\/all","open_in_new_tab":false,"style_class":"button-secondary","width":"fit-content","custom_width":100,"width_mobile":"fit-content","custom_width_mobile":100},"blocks":{}}},"block_order":["text_YLPk4p","button_H9gpTf"],"disabled":true,"name":"t:names.hero","settings":{"media_type_1":"image","media_type_2":"image","stack_media_on_mobile":false,"custom_mobile_media":false,"media_type_1_mobile":"image","media_type_2_mobile":"image","link":"","open_in_new_tab":false,"content_direction":"column","vertical_on_mobile":true,"horizontal_alignment":"space-between","vertical_alignment":"flex-end","align_baseline":true,"horizontal_alignment_flex_direction_column":"center","vertical_alignment_flex_direction_column":"flex-end","gap":24,"section_width":"page-width","section_height":"medium","section_height_custom":50,"color_scheme":"scheme-6","toggle_overlay":true,"overlay_color":"#12121266","overlay_style":"solid","gradient_direction":"to bottom","blurred_reflection":false,"reflection_opacity":75,"padding-block-start":100,"padding-block-end":72}},"product_list_fa6P9H":{"type":"product-list","blocks":{"static-header":{"type":"_product-list-content","name":"t:names.header","static":true,"settings":{"content_direction":"row","vertical_on_mobile":false,"horizontal_alignment":"space-between","vertical_alignment":"flex-end","align_baseline":true,"horizontal_alignment_flex_direction_column":"flex-start","vertical_alignment_flex_direction_column":"center","gap":12,"width":"fill","custom_width":100,"width_mobile":"fill","custom_width_mobile":100,"height":"fit","custom_height":100,"inherit_color_scheme":true,"color_scheme":"","background_media":"none","video_position":"cover","background_image_position":"cover","border":"none","border_width":1,"border_opacity":100,"border_radius":0,"padding-block-start":0,"padding-block-end":0,"padding-inline-start":0,"padding-inline-end":0},"blocks":{"product_list_text_YFtzcL":{"type":"_product-list-text","name":"t:names.collection_title","settings":{"text":"<h3>{{ closest.collection.title }}<\/h3>","width":"fit-content","max_width":"normal","alignment":"left","type_preset":"h4","font":"var(--font-body--family)","font_size":"","line_height":"normal","letter_spacing":"normal","case":"none","wrap":"pretty","color":"var(--color-foreground)","background":false,"background_color":"#00000026","corner_radius":0,"padding-block-start":0,"padding-block-end":0,"padding-inline-start":0,"padding-inline-end":0},"blocks":{}},"product_list_button_MWeP9V":{"type":"_product-list-button","name":"t:names.product_list_button","settings":{"label":"View all","open_in_new_tab":false,"style_class":"link","width":"fit-content","custom_width":100,"width_mobile":"fit-content","custom_width_mobile":100},"blocks":{}}},"block_order":["product_list_text_YFtzcL","product_list_button_MWeP9V"]},"static-product-card":{"type":"_product-card","name":"t:names.product_card","static":true,"settings":{"product_card_gap":4,"inherit_color_scheme":true,"color_scheme":"","border":"none","border_width":1,"border_opacity":100,"border_radius":0,"padding-block-start":0,"padding-block-end":0,"padding-inline-start":0,"padding-inline-end":0},"blocks":{"product_card_gallery_677WP3":{"type":"_product-card-gallery","name":"t:names.product_card_media","settings":{"image_ratio":"adapt","border":"none","border_width":1,"border_opacity":100,"border_radius":0,"padding-block-start":0,"padding-block-end":0,"padding-inline-start":0,"padding-inline-end":0},"blocks":{}},"product_title_YXxMTj":{"type":"product-title","name":"t:names.product_title","settings":{"width":"100%","max_width":"normal","alignment":"left","type_preset":"rte","font":"var(--font-body--family)","font_size":"1rem","line_height":"normal","letter_spacing":"normal","case":"none","wrap":"pretty","color":"var(--color-foreground)","background":false,"background_color":"#00000026","corner_radius":0,"padding-block-start":4,"padding-block-end":0,"padding-inline-start":0,"padding-inline-end":0},"blocks":{}},"price_JQzVV4":{"type":"price","name":"t:names.product_price","settings":{"show_sale_price_first":true,"show_installments":false,"show_tax_info":false,"type_preset":"h6","width":"100%","alignment":"left","font":"var(--font-body--family)","font_size":"1rem","line_height":"normal","letter_spacing":"normal","case":"none","color":"var(--color-foreground)","padding-block-start":0,"padding-block-end":0,"padding-inline-start":0,"padding-inline-end":0},"blocks":{}}},"block_order":["product_card_gallery_677WP3","product_title_YXxMTj","price_JQzVV4"]}},"disabled":true,"name":"Featured collection","settings":{"collection":"all","layout_type":"grid","carousel_on_mobile":false,"max_products":8,"columns":4,"mobile_columns":"2","mobile_card_size":"60cqw","columns_gap":8,"rows_gap":24,"icons_style":"arrow","icons_shape":"none","section_width":"page-width","horizontal_alignment":"flex-start","gap":28,"color_scheme":"scheme-1","padding-block-start":48,"padding-block-end":48}},"section_KtWxji":{"type":"section","blocks":{"group_nb6wtr":{"type":"group","settings":{"content_direction":"column","vertical_on_mobile":true,"horizontal_alignment":"flex-start","vertical_alignment":"center","align_baseline":false,"horizontal_alignment_flex_direction_column":"flex-start","vertical_alignment_flex_direction_column":"center","gap":12,"width":"custom","custom_width":100,"width_mobile":"fill","custom_width_mobile":100,"height":"fit","custom_height":100,"inherit_color_scheme":true,"color_scheme":"","background_media":"none","video_position":"cover","background_image_position":"cover","border":"none","border_width":1,"border_opacity":100,"border_radius":0,"toggle_overlay":false,"overlay_color":"#00000026","overlay_style":"solid","gradient_direction":"to top","link":"","open_in_new_tab":false,"placeholder":"","padding-block-start":0,"padding-block-end":0,"padding-inline-start":0,"padding-inline-end":0},"blocks":{"text_a4JRGK":{"type":"text","name":"t:names.heading","settings":{"text":"<p>Lorem ipsum dolor sit amet<\/p>","width":"fit-content","max_width":"normal","alignment":"left","type_preset":"h1","font":"var(--font-body--family)","font_size":"1rem","line_height":"normal","letter_spacing":"normal","case":"none","wrap":"pretty","color":"var(--color-foreground)","background":false,"background_color":"#00000026","corner_radius":0,"padding-block-start":0,"padding-block-end":0,"padding-inline-start":0,"padding-inline-end":0},"blocks":{}},"text_jchPfm":{"type":"text","settings":{"text":"<p>Lorem ipsum dolor sit amet, consectetur adipiscing elit, sed do eiusmod tempor incididunt ut.<\/p>","width":"100%","max_width":"normal","alignment":"left","type_preset":"h5","font":"var(--font-body--family)","font_size":"1rem","line_height":"normal","letter_spacing":"normal","case":"none","wrap":"pretty","color":"var(--color-foreground)","background":false,"background_color":"#00000026","corner_radius":0,"padding-block-start":0,"padding-block-end":0,"padding-inline-start":0,"padding-inline-end":0},"blocks":{}},"button_B7UrrF":{"type":"button","settings":{"label":"Shop Now","link":"shopify:\/\/collections\/all","open_in_new_tab":false,"style_class":"button","width":"fit-content","custom_width":100,"width_mobile":"fit-content","custom_width_mobile":100},"blocks":{}},"text_EiTF8c":{"type":"text","name":"t:names.text","settings":{"text":"<p><strong>Over 100,000+ Happy customers<\/strong><\/p>","width":"fit-content","max_width":"normal","alignment":"left","type_preset":"rte","font":"var(--font-body--family)","font_size":"1rem","line_height":"normal","letter_spacing":"normal","case":"none","wrap":"pretty","color":"var(--color-foreground)","background":false,"background_color":"#00000026","corner_radius":0,"padding-block-start":0,"padding-block-end":0,"padding-inline-start":0,"padding-inline-end":0},"blocks":{}}},"block_order":["text_a4JRGK","text_jchPfm","button_B7UrrF","text_EiTF8c"]},"image_rrwtCX":{"type":"image","settings":{"image":"shopify:\/\/shop_images\/jackson_hole_mountains.png","link":"","image_ratio":"adapt","width":"fill","custom_width":100,"width_mobile":"fill","custom_width_mobile":100,"height":"fit","border":"none","border_width":1,"border_opacity":100,"border_radius":0,"padding-block-start":0,"padding-block-end":0,"padding-inline-start":0,"padding-inline-end":0},"blocks":{}}},"block_order":["group_nb6wtr","image_rrwtCX"],"name":"t:names.image_with_text","settings":{"content_direction":"row","vertical_on_mobile":true,"horizontal_alignment":"center","vertical_alignment":"center","align_baseline":false,"horizontal_alignment_flex_direction_column":"flex-start","vertical_alignment_flex_direction_column":"center","gap":32,"section_width":"page-width","section_height":"","section_height_custom":50,"color_scheme":"","background_media":"none","video_position":"cover","background_image_position":"cover","border":"none","border_width":1,"border_opacity":100,"border_radius":0,"toggle_overlay":false,"overlay_color":"#00000026","overlay_style":"solid","gradient_direction":"to top","padding-block-start":64,"padding-block-end":47}},"testimonial_LXFqJF":{"type":"testimonial","blocks":{"testimonial_CNK4L3":{"type":"testimonial","settings":{"quote":"Lorem ipsum dolor sit amet, consectetur adipiscing elit, sed do eiusmod tempor","name":"","title":"Lore m ipsum","date":"22\/09\/1996","rating":5}},"testimonial_wxx9fH":{"type":"testimonial","settings":{"quote":"Lorem ipsum dolor sit amet, consectetur adipiscing elit, sed do eiusmod tempor","name":"","title":"Lore m ipsum","date":"22\/09\/1996","rating":5}},"testimonial_JGiCbc":{"type":"testimonial","settings":{"quote":"Lorem ipsum dolor sit amet, consectetur adipiscing elit, sed do eiusmod tempor","name":"","title":"Lore m ipsum","date":"22\/09\/1996","rating":5}},"testimonial_nQVTTa":{"type":"testimonial","settings":{"quote":"Lorem ipsum dolor sit amet, consectetur adipiscing elit, sed do eiusmod tempor","name":"","title":"Lore m ipsum","date":"22\/09\/1996","rating":5}}},"block_order":["testimonial_CNK4L3","testimonial_wxx9fH","testimonial_JGiCbc","testimonial_nQVTTa"],"name":"Testimonial quote","settings":{"small_heading":"","text_color":"#000000","accent_color":"#000000","text_alignment":"center","fallback_quote":"Lorem ipsum dolor sit amet, consectetur adipiscing elit, sed do eiusmod tempor","fallback_name":"Lorem Ipsum","fallback_date":"22\/09\/1996"}}},"order":["hero_jVaWmY","product_list_fa6P9H","section_KtWxji","testimonial_LXFqJF"]}